 , date, time, times, wifi_ssid_name, stutus_result   , play youtube, local host      , bytes transmitted, average cpu load, (Mb)          , (MB/s)          
 ,2021-05-11, 16:24:30 ,1 ,CBN_CH8679G_Nelson-24G ,Scanning ,Played ,10.118.252.82 ,100225710 ,92.7582645218707 ,800.8454606592809 ,95.46821840516101
  ,2021-05-11, 16:25:52 ,    ,CBN_CH8679G_Nelson-5G ,Successed ,Played ,10.118.252.82 ,104156130 ,56.84502394129015 ,833.0675024440112 ,99.3093851141943
  ,2021-05-11, 16:27:08 ,2 ,CBN_CH8679G_Nelson-24G ,Scanning ,Played ,10.118.252.82 ,113327110 ,44.52699233914627 ,903.2981352774844 ,107.68152895897441
  ,2021-05-11, 16:28:36 ,    ,CBN_CH8679G_Nelson-5G ,Successed ,Played ,10.118.252.82 ,112016970 ,45.86021456205014 ,891.2153076723271 ,106.24114366439903
  ,2021-05-11, 16:29:45 ,3 ,CBN_CH8679G_Nelson-24G ,Scanning ,Played ,10.118.252.82 ,84504030 ,79.95034151795855 ,671.2776214558481 ,80.02252834508992
  ,2021-05-11, 16:31:12 ,    ,CBN_CH8679G_Nelson-5G ,Successed ,Played ,10.118.252.82 ,114637250 ,61.27682585062163 ,914.9049176573451 ,109.06516524044812
  ,2021-05-11, 16:32:33 ,4 ,CBN_CH8679G_Nelson-24G ,Connecting ,Played ,10.118.252.82 ,104811200 ,89.04582709975861 ,835.0964948589833 ,99.55125985848704
  ,2021-05-11, 16:33:57 ,    ,CBN_CH8679G_Nelson-5G ,Successed ,Played ,10.118.252.82 ,111361900 ,54.56999534765057 ,890.2764666177295 ,106.12922508927936
  ,2021-05-11, 16:35:12 ,5 ,CBN_CH8679G_Nelson-24G ,Disconnected ,Played ,10.118.252.82 ,116602460 ,46.354017571554145 ,930.5538103669743 ,110.93065862261943
  ,2021-05-11, 16:36:21 ,    ,CBN_CH8679G_Nelson-5G ,Scanning ,Played ,10.118.252.82 ,91709800 ,83.90541535414168 ,731.6268882752883 ,87.21672156754592
  ,2021-05-11, 16:37:36 ,6 ,CBN_CH8679G_Nelson-24G ,Scanning ,Played ,10.118.252.82 ,106776410 ,61.37825504719942 ,850.5487507728129 ,101.39331230793152
  ,2021-05-11, 16:38:56 ,    ,CBN_CH8679G_Nelson-5G ,Successed ,Played ,10.118.252.82 ,98260500 ,86.4302976502183 ,784.0048740677224 ,93.46066404196291
  ,2021-05-11, 16:40:08 ,7 ,CBN_CH8679G_Nelson-24G ,Scanning ,Played ,10.118.252.82 ,112016970 ,49.88086671911704 ,894.4140205167265 ,106.62245995005685
  ,2021-05-11, 16:41:34 ,    ,CBN_CH8679G_Nelson-5G ,Successed ,Played ,10.118.252.82 ,115947390 ,52.15014404369776 ,924.5403053006186 ,110.21379295594913
  ,2021-05-11, 16:42:44 ,8 ,CBN_CH8679G_Nelson-24G ,Scanning ,IGNORE ,10.118.252.82 ,108741620 ,89.34082668194449 ,868.0597508085423 ,103.48078618151453
  ,2021-05-11, 16:44:07 ,    ,CBN_CH8679G_Nelson-5G ,Successed ,Played ,10.118.252.82 ,119222740 ,47.90536837751822 ,952.9748810306212 ,113.60345852740065
  ,2021-05-11, 16:45:22 ,9 ,CBN_CH8679G_Nelson-24G ,Scanning ,Played ,10.118.252.82 ,92364870 ,83.72275739880988 ,733.1281220721222 ,87.39568258191612
  ,2021-05-11, 16:46:50 ,    ,CBN_CH8679G_Nelson-5G ,Successed ,Played ,10.118.252.82 ,109396690 ,60.12568885703532 ,871.5479438556877 ,103.8966111964807
  ,2021-05-11, 16:48:05 ,10 ,CBN_CH8679G_Nelson-24G ,Scanning ,Played ,10.118.252.82 ,95640220 ,63.33434019115383 ,762.5169552612441 ,90.89910450711776
  ,2021-05-11, 16:49:30 ,    ,CBN_CH8679G_Nelson-5G ,Successed ,Played ,10.118.252.82 ,111361900 ,64.42107221769973 ,890.725944605577 ,106.18280704087935
  ,2021-05-11, 16:50:47 ,11 ,CBN_CH8679G_Nelson-24G ,Scanning ,Played ,10.118.252.82 ,101535850 ,64.5786837368516 ,810.5020469383425 ,96.61937319497376
  ,2021-05-11, 16:52:23 ,    ,CBN_CH8679G_Nelson-5G ,Successed ,Played ,10.118.252.82 ,111361900 ,41.90192860646803 ,889.1985523525055 ,106.00072769552534
  ,2021-05-11, 16:53:46 ,12 ,CBN_CH8679G_Nelson-24G ,Scanning ,Played ,10.118.252.82 ,103501060 ,42.2074669755755 ,826.5793148295345 ,98.53593287820036
  ,2021-05-11, 16:54:38 ,    ,CBN_CH8679G_Nelson-5G ,Connecting ,Played ,10.118.252.82 ,116602460 ,44.74447366281829 ,929.8359520492766 ,110.84508324256856
  ,2021-05-11, 16:56:02 ,13 ,CBN_CH8679G_Nelson-24G ,Scanning ,Played ,10.118.252.82 ,78608400 ,65.90588568231802 ,624.9251231007103 ,74.49687994727019
  ,2021-05-11, 16:57:39 ,    ,CBN_CH8679G_Nelson-5G ,Successed ,Played ,10.118.252.82 ,98260500 ,63.226200121484624 ,784.4006717418794 ,93.50784680150501
  ,2021-05-11, 16:58:59 ,14 ,CBN_CH8679G_Nelson-24G ,Scanning ,Played ,10.118.252.82 ,89744590 ,77.92877660353706 ,716.5672543152652 ,85.42147330227675
  ,2021-05-11, 17:00:12 ,    ,CBN_CH8679G_Nelson-5G ,Successed ,Played ,10.118.252.82 ,115947390 ,87.84750027811975 ,922.9247828307258 ,110.0212076700599
  ,2021-05-11, 17:01:27 ,15 ,CBN_CH8679G_Nelson-24G ,Scanning ,Played ,10.118.252.82 ,111361900 ,60.87209275068799 ,890.7783920348122 ,106.18905926165726
  ,2021-05-11, 17:02:50 ,    ,CBN_CH8679G_Nelson-5G ,Successed ,Played ,10.118.252.82 ,104811200 ,88.79401416622571 ,834.3984791077492 ,99.46804989668718
  ,2021-05-11, 17:04:07 ,16 ,CBN_CH8679G_Nelson-24G ,Scanning ,Played ,10.118.252.82 ,107431480 ,50.14160323728804 ,855.9867124387888 ,102.04156785473691
  ,2021-05-11, 17:05:39 ,    ,CBN_CH8679G_Nelson-5G ,Successed ,Played ,10.118.252.82 ,116602460 ,42.47931231107639 ,932.7171641564474 ,111.1885504909095
  ,2021-05-11, 17:06:58 ,17 ,CBN_CH8679G_Nelson-24G ,Scanning ,Played ,10.118.252.82 ,105466270 ,87.27089121695633 ,839.6335895614278 ,100.09212369459007
  ,2021-05-11, 17:08:32 ,    ,CBN_CH8679G_Nelson-5G ,Successed ,Played ,10.118.252.82 ,113327110 ,40.49139459299749 ,906.5263203914823 ,108.06635861295251
  ,2021-05-11, 17:09:50 ,18 ,CBN_CH8679G_Nelson-24G ,Scanning ,Played ,10.118.252.82 ,100225710 ,92.08153605951891 ,800.7680407869917 ,95.4589892371883
  ,2021-05-11, 17:11:24 ,    ,CBN_CH8679G_Nelson-5G ,Successed ,Played ,10.118.252.82 ,117257530 ,46.60941313103211 ,925.4630283495021 ,110.32379011505867
  ,2021-05-11, 17:12:37 ,19 ,CBN_CH8679G_Nelson-24G ,Scanning ,Played ,10.118.252.82 ,104811200 ,91.53810230976866 ,836.7900059646576 ,99.75314211424083
  ,2021-05-11, 17:13:55 ,    ,CBN_CH8679G_Nelson-5G ,Successed ,Played ,10.118.252.82 ,117257530 ,51.24511505316942 ,935.0708607913515 ,111.4691329945745
  ,2021-05-11, 17:15:12 ,20 ,CBN_CH8679G_Nelson-24G ,Scanning ,Played ,10.118.252.82 ,106121340 ,74.46480740261741 ,845.3527354775246 ,100.77389901608521
  ,2021-05-11, 17:16:45 ,    ,CBN_CH8679G_Nelson-5G ,Successed ,Played ,10.118.252.82 ,119222740 ,39.99863892814659 ,952.1356664492107 ,113.50341635337004
  ,2021-05-11, 17:17:59 ,21 ,CBN_CH8679G_Nelson-24G ,Scanning ,Played ,10.118.252.82 ,113982180 ,54.0187057875778 ,910.1871484613546 ,108.50276332632953
  ,2021-05-11, 17:19:21 ,    ,CBN_CH8679G_Nelson-5G ,Successed ,Played ,10.118.252.82 ,109396690 ,40.69054835430757 ,872.9503012923419 ,104.06378523020052
  ,2021-05-11, 17:20:40 ,22 ,CBN_CH8679G_Nelson-24G ,Connecting ,Played ,10.118.252.82 ,113982180 ,43.239350461572684 ,908.8943212207289 ,108.34864630946265
  ,2021-05-11, 17:22:10 ,    ,CBN_CH8679G_Nelson-5G ,Successed ,Played ,10.118.252.82 ,115947390 ,42.18618284836424 ,927.1025610472826 ,110.51923764315637
  ,2021-05-11, 17:23:28 ,23 ,CBN_CH8679G_Nelson-24G ,Scanning ,Played ,10.118.252.82 ,116602460 ,47.4265430513066 ,928.6333835332093 ,110.70172590413205
  ,2021-05-11, 17:24:53 ,    ,CBN_CH8679G_Nelson-5G ,Successed ,Played ,10.118.252.82 ,106121340 ,86.80338827796463 ,843.851044002094 ,100.59488344217466
  ,2021-05-11, 17:26:06 ,24 ,CBN_CH8679G_Nelson-24G ,Scanning ,Played ,10.118.252.82 ,101535850 ,85.74023881728581 ,808.8451184174546 ,96.4218519231623
  ,2021-05-11, 17:27:28 ,    ,CBN_CH8679G_Nelson-5G ,Successed ,Played ,10.118.252.82 ,118567670 ,46.05910536775558 ,947.907207677054 ,112.99934478724646
  ,2021-05-11, 17:28:39 ,25 ,CBN_CH8679G_Nelson-24G ,Scanning ,Played ,10.118.252.82 ,115947390 ,48.96732326163495 ,924.8904286232654 ,110.25553090849702
  ,2021-05-11, 17:29:59 ,    ,CBN_CH8679G_Nelson-5G ,Successed ,Played ,10.118.252.82 ,110051760 ,48.322453331605494 ,879.7833416204613 ,104.87834711318747
  ,2021-05-11, 17:31:11 ,26 ,CBN_CH8679G_Nelson-24G ,Scanning ,Played ,10.118.252.82 ,113982180 ,55.22784887235309 ,908.3313600581392 ,108.28153610922566
  ,2021-05-11, 17:32:37 ,    ,CBN_CH8679G_Nelson-5G ,Successed ,Played ,10.118.252.82 ,118567670 ,48.23819600932846 ,946.1002643947982 ,112.78394036231019
  ,2021-05-11, 17:33:46 ,27 ,CBN_CH8679G_Nelson-24G ,Scanning ,Played ,10.118.252.82 ,117912600 ,47.172959841758704 ,940.8058488812669 ,112.1527968503555
  ,2021-05-11, 17:35:05 ,    ,CBN_CH8679G_Nelson-5G ,Successed ,Played ,10.118.252.82 ,119222740 ,43.66842027246615 ,949.5175504887399 ,113.19131260976074
  ,2021-05-11, 17:36:17 ,28 ,CBN_CH8679G_Nelson-24G ,Scanning ,Played ,10.118.252.82 ,119222740 ,60.381083997852734 ,950.1988832108538 ,113.27253379951165
  ,2021-05-11, 17:37:38 ,    ,CBN_CH8679G_Nelson-5G ,Successed ,Played ,10.118.252.82 ,117912600 ,56.159237673031456 ,940.2683517097526 ,112.08872219440372
  ,2021-05-11, 17:38:50 ,29 ,CBN_CH8679G_Nelson-24G ,Scanning ,Played ,10.118.252.82 ,93675010 ,88.38827996974071 ,747.4238449820208 ,89.09986555361995
  ,2021-05-11, 17:40:13 ,    ,CBN_CH8679G_Nelson-5G ,Successed ,Played ,10.118.252.82 ,113327110 ,53.74799701334765 ,905.3412055317943 ,107.92508191249303
  ,2021-05-11, 17:41:28 ,30 ,CBN_CH8679G_Nelson-24G ,Scanning ,Played ,10.118.252.82 ,98915570 ,87.7268558841285 ,785.388509314646 ,93.62560621674608
  ,2021-05-11, 17:42:44 ,    ,CBN_CH8679G_Nelson-5G ,Successed ,Played ,10.118.252.82 ,115292320 ,50.026553871460465 ,921.5137836500211 ,109.85300346017135
  ,2021-05-11, 17:43:56 ,31 ,CBN_CH8679G_Nelson-24G ,Scanning ,Played ,10.118.252.82 ,114637250 ,79.75239024573321 ,916.5617387974241 ,109.26267371146966
  ,2021-05-11, 17:45:19 ,    ,CBN_CH8679G_Nelson-5G ,Successed ,Played ,10.118.252.82 ,117257530 ,51.94041220534089 ,937.9721297869263 ,111.81499121033266
  ,2021-05-11, 17:46:28 ,32 ,CBN_CH8679G_Nelson-24G ,Scanning ,Played ,10.118.252.82 ,113982180 ,42.409035839230796 ,907.8736053265867 ,108.22696749288878
  ,2021-05-11, 17:47:49 ,    ,CBN_CH8679G_Nelson-5G ,Successed ,Played ,10.118.252.82 ,117912600 ,44.56497150101429 ,941.9001787253595 ,112.28325113360398
  ,2021-05-11, 17:49:01 ,33 ,CBN_CH8679G_Nelson-24G ,Scanning ,Played ,10.118.252.82 ,112672040 ,47.75860379308081 ,898.6042176506753 ,107.1219703734726
  ,2021-05-11, 17:50:24 ,    ,CBN_CH8679G_Nelson-5G ,Successed ,Played ,10.118.252.82 ,110706830 ,49.254369016841856 ,881.5360590357056 ,105.08728731104203
  ,2021-05-11, 17:51:35 ,34 ,CBN_CH8679G_Nelson-24G ,Scanning ,Played ,10.118.252.82 ,106776410 ,92.28114961680056 ,850.8563818231887 ,101.4299847868906
  ,2021-05-11, 17:52:53 ,    ,CBN_CH8679G_Nelson-5G ,Successed ,IGNORE ,10.118.252.82 ,117257530 ,44.19742181552085 ,937.6889027608571 ,111.78122791777338
  ,2021-05-11, 17:54:03 ,35 ,CBN_CH8679G_Nelson-24G ,Scanning ,Played ,10.118.252.82 ,112672040 ,50.64354271631364 ,898.2084053851171 ,107.07478587449992
  ,2021-05-11, 17:55:22 ,    ,CBN_CH8679G_Nelson-5G ,Successed ,Played ,10.118.252.82 ,115947390 ,44.202584402415084 ,927.3454211288326 ,110.54818882093818
  ,2021-05-11, 17:56:35 ,36 ,CBN_CH8679G_Nelson-24G ,Scanning ,Played ,10.118.252.82 ,104811200 ,94.6092729780197 ,833.6377980589824 ,99.37736964928894
  ,2021-05-11, 17:57:53 ,    ,CBN_CH8679G_Nelson-5G ,Successed ,Played ,10.118.252.82 ,114637250 ,52.3867324028424 ,913.5733522904482 ,108.90643027906992
  ,2021-05-11, 17:59:04 ,37 ,CBN_CH8679G_Nelson-24G ,Scanning ,Played ,10.118.252.82 ,119222740 ,46.340253049473446 ,952.9984911408964 ,113.60627307187275
  ,2021-05-11, 18:00:28 ,    ,CBN_CH8679G_Nelson-5G ,Successed ,Played ,10.118.252.82 ,110051760 ,46.47559056878488 ,876.9937595086758 ,104.54580301149795
  ,2021-05-11, 18:01:32 ,38 ,CBN_CH8679G_Nelson-24G ,Scanning ,Played ,10.118.252.82 ,106776410 ,92.3935982285737 ,853.4313645669782 ,101.73694665038326
  ,2021-05-11, 18:02:50 ,    ,CBN_CH8679G_Nelson-5G ,Successed ,Played ,10.118.252.82 ,120532880 ,41.876773975461305 ,961.3884813260674 ,114.60643784118503
  ,2021-05-11, 18:04:10 ,39 ,CBN_CH8679G_Nelson-24G ,Connecting ,Played ,10.118.252.82 ,100225710 ,89.87809871090629 ,799.300661956145 ,95.2840640492612
  ,2021-05-11, 18:05:36 ,    ,CBN_CH8679G_Nelson-5G ,Successed ,Played ,10.118.252.82 ,117912600 ,43.87049887870658 ,939.8964433374447 ,112.0443872615629
  ,2021-05-11, 18:06:45 ,40 ,CBN_CH8679G_Nelson-24G ,Connecting ,IGNORE ,10.118.252.82 ,120532880 ,46.6601432703271 ,962.2299775274543 ,114.70675200551203
  ,2021-05-11, 18:08:01 ,    ,CBN_CH8679G_Nelson-5G ,Scanning ,Played ,10.118.252.82 ,120532880 ,62.06581231499412 ,961.3681426245716 ,114.60401327902933
  ,2021-05-11, 18:09:27 ,41 ,CBN_CH8679G_Nelson-24G ,Successed ,Played ,10.118.252.82 ,113982180 ,45.186700613088966 ,908.8917293106115 ,108.34833732969898
  ,2021-05-11, 18:10:52 ,    ,CBN_CH8679G_Nelson-5G ,Successed ,Played ,10.118.252.82 ,115947390 ,26.266071150122063 ,921.9917362642562 ,109.90997985175326
  ,2021-05-11, 18:12:08 ,42 ,CBN_CH8679G_Nelson-24G ,Scanning ,Played ,10.118.252.82 ,115292320 ,43.0949617412021 ,922.2308202887293 ,109.93848088845364
  ,2021-05-11, 18:13:36 ,    ,CBN_CH8679G_Nelson-5G ,Successed ,Played ,10.118.252.82 ,115292320 ,88.14255928378303 ,920.8403818122752 ,109.77272770551147
  ,2021-05-11, 18:14:53 ,43 ,CBN_CH8679G_Nelson-24G ,Scanning ,Played ,10.118.252.82 ,113982180 ,56.43050078828126 ,908.7241505043901 ,108.32836037926556
  ,2021-05-11, 18:16:16 ,    ,CBN_CH8679G_Nelson-5G ,Successed ,Played ,10.118.252.82 ,113327110 ,39.04509493962408 ,903.1541785968551 ,107.66436798535051
  ,2021-05-11, 18:17:32 ,44 ,CBN_CH8679G_Nelson-24G ,Scanning ,Played ,10.118.252.82 ,116602460 ,58.25828729184295 ,929.61701137741 ,110.81898348062158
  ,2021-05-11, 18:18:52 ,    ,CBN_CH8679G_Nelson-5G ,Connecting ,Played ,10.118.252.82 ,112016970 ,87.77699207196163 ,895.5795331066363 ,106.76139987786249
  ,2021-05-11, 18:20:26 ,45 ,CBN_CH8679G_Nelson-24G ,Successed ,Played ,10.118.252.82 ,113982180 ,45.25683451369129 ,911.735275458563 ,108.68731444580114
  ,2021-05-11, 18:21:50 ,    ,CBN_CH8679G_Nelson-5G ,Successed ,Played ,10.118.252.82 ,112672040 ,47.33484286652539 ,898.0874256190708 ,107.06036396253953
  ,2021-05-11, 18:23:08 ,46 ,CBN_CH8679G_Nelson-24G ,Disconnected ,Played ,10.118.252.82 ,111361900 ,43.4080695989541 ,886.8865266249286 ,105.72511275111778
  ,2021-05-11, 18:24:27 ,    ,CBN_CH8679G_Nelson-5G ,Scanning ,Played ,10.118.252.82 ,112016970 ,56.37765412804484 ,895.1154365084393 ,106.70607525210849
  ,2021-05-11, 18:25:45 ,47 ,CBN_CH8679G_Nelson-24G ,Scanning ,Played ,10.118.252.82 ,119222740 ,60.51389590214815 ,949.3134087454838 ,113.16697701757954
  ,2021-05-11, 18:27:09 ,    ,CBN_CH8679G_Nelson-5G ,Successed ,Played ,10.118.252.82 ,118567670 ,48.70333338708897 ,946.5864868793705 ,112.84190259925967
  ,2021-05-11, 18:28:30 ,48 ,CBN_CH8679G_Nelson-24G ,Successed ,Played ,10.118.252.82 ,110706830 ,42.29556282823548 ,881.6643155736981 ,105.10257668181636
  ,2021-05-11, 18:29:56 ,    ,CBN_CH8679G_Nelson-5G ,Successed ,Played ,10.118.252.82 ,119222740 ,40.538211168724075 ,949.9601589350249 ,113.24407564819155
  ,2021-05-11, 18:31:10 ,49 ,CBN_CH8679G_Nelson-24G ,Connecting ,Played ,10.118.252.82 ,118567670 ,58.521499330470675 ,945.4855485718251 ,112.71066052577795
  ,2021-05-11, 18:32:33 ,    ,CBN_CH8679G_Nelson-5G ,Successed ,Played ,10.118.252.82 ,110051760 ,38.22554750535156 ,879.8474858620182 ,104.88599370265224
  ,2021-05-11, 18:33:57 ,50 ,CBN_CH8679G_Nelson-24G ,Successed ,Played ,10.118.252.82 ,117912600 ,44.36881947256425 ,942.7975165852464 ,112.39022214236813
  ,2021-05-11, 18:35:21 ,    ,CBN_CH8679G_Nelson-5G ,Successed ,Played ,10.118.252.82 ,118567670 ,71.60266551257499 ,945.7258086777879 ,112.73930176231717
  ,2021-05-11, 18:36:40 ,51 ,CBN_CH8679G_Nelson-24G ,Connecting ,Played ,10.118.252.82 ,101535850 ,63.591457290427215 ,811.6350620980392 ,96.75443912721147
  ,2021-05-11, 18:38:03 ,    ,CBN_CH8679G_Nelson-5G ,Successed ,Played ,10.118.252.82 ,95640220 ,73.69679216914378 ,764.9251625847277 ,91.18618519124122
  ,2021-05-11, 18:39:25 ,52 ,CBN_CH8679G_Nelson-24G ,Successed ,Played ,10.118.252.82 ,119222740 ,46.086488538784934 ,949.9346690085487 ,113.24103701216563
  ,2021-05-11, 18:40:44 ,    ,CBN_CH8679G_Nelson-5G ,Successed ,Played ,10.118.252.82 ,119222740 ,50.57992645063491 ,949.2992167227909 ,113.16528519663702
  ,2021-05-11, 18:42:00 ,53 ,CBN_CH8679G_Nelson-24G ,Connecting ,Played ,10.118.252.82 ,118567670 ,60.19436592179925 ,945.9032165019036 ,112.76045042299076
  ,2021-05-11, 18:43:19 ,    ,CBN_CH8679G_Nelson-5G ,Successed ,Played ,10.118.252.82 ,114637250 ,43.75494192339891 ,913.9684189222903 ,108.95352589157704
  ,2021-05-11, 18:44:32 ,54 ,CBN_CH8679G_Nelson-24G ,Scanning ,Played ,10.118.252.82 ,111361900 ,43.10233550803488 ,887.5791871733175 ,105.80768432299107
  ,2021-05-11, 18:45:47 ,    ,CBN_CH8679G_Nelson-5G ,Successed ,Played ,10.118.252.82 ,117912600 ,45.63723236797749 ,943.2018541878122 ,112.43842294070866
  ,2021-05-11, 18:46:58 ,55 ,CBN_CH8679G_Nelson-24G ,Scanning ,Played ,10.118.252.82 ,116602460 ,58.89043916912976 ,928.3588340666155 ,110.66899705727285
  ,2021-05-11, 18:48:23 ,    ,CBN_CH8679G_Nelson-5G ,Successed ,Played ,10.118.252.82 ,119222740 ,42.88923155376938 ,952.2145350060459 ,113.51281821799826
  ,2021-05-11, 18:49:41 ,56 ,CBN_CH8679G_Nelson-24G ,Successed ,Played ,10.118.252.82 ,117257530 ,48.79858920312311 ,937.4574408900451 ,111.75363551259578
  ,2021-05-11, 18:51:02 ,    ,CBN_CH8679G_Nelson-5G ,Successed ,Played ,10.118.252.82 ,111361900 ,64.96600318112084 ,888.0181366163065 ,105.86001117423851
  ,2021-05-11, 18:52:12 ,57 ,CBN_CH8679G_Nelson-24G ,Scanning ,Played ,10.118.252.82 ,119222740 ,49.06667456587523 ,949.2465072105363 ,113.15900173312858
  ,2021-05-11, 18:53:26 ,    ,CBN_CH8679G_Nelson-5G ,Successed ,Played ,10.118.252.82 ,118567670 ,51.676122673631205 ,945.5383548708452 ,112.71695552716794
  ,2021-05-11, 18:54:39 ,58 ,CBN_CH8679G_Nelson-24G ,Scanning ,Played ,10.118.252.82 ,117912600 ,45.74968779450611 ,940.008989953699 ,112.05780386372794
  ,2021-05-11, 18:56:02 ,    ,CBN_CH8679G_Nelson-5G ,Successed ,Played ,10.118.252.82 ,117912600 ,48.86134151870109 ,941.0029807363744 ,112.17629679875068
  ,2021-05-11, 18:57:15 ,59 ,CBN_CH8679G_Nelson-24G ,Scanning ,Played ,10.118.252.82 ,112016970 ,50.10282717540415 ,891.6100086277379 ,106.28819568487857
  ,2021-05-11, 18:58:37 ,    ,CBN_CH8679G_Nelson-5G ,Successed ,Played ,10.118.252.82 ,117912600 ,40.63922328801649 ,941.8389670771427 ,112.27595413650783
  ,2021-05-11, 18:59:55 ,60 ,CBN_CH8679G_Nelson-24G ,Successed ,Played ,10.118.252.82 ,118567670 ,44.951152754190716 ,948.102380178245 ,113.0226111624533
  ,2021-05-11, 19:01:03 ,    ,CBN_CH8679G_Nelson-5G ,Scanning ,Played ,10.118.252.82 ,115292320 ,37.8649555584582 ,918.5284978762124 ,109.49712966396957
  ,2021-05-11, 19:06:44 ,61 ,CBN_CH8679G_Nelson-24G ,Scanning ,IGNORE ,10.118.252.82 ,112016970 ,46.2764309217807 ,895.425705150535 ,106.7430621565026
  ,2021-05-11, 19:07:54 ,    ,CBN_CH8679G_Nelson-5G ,Scanning ,Played ,10.118.252.82 ,119877810 ,70.04923111866181 ,958.3468418937779 ,114.24384616539214
  ,2021-05-11, 19:09:01 ,62 ,CBN_CH8679G_Nelson-24G ,Disconnected ,Played ,10.118.252.82 ,108086550 ,44.94126389320436 ,862.306324217494 ,102.7949242851131
  ,2021-05-11, 19:10:09 ,    ,CBN_CH8679G_Nelson-5G ,Connecting ,Played ,10.118.252.82 ,115947390 ,54.69914376758407 ,925.8071026593044 ,110.36480696908288
  ,2021-05-11, 19:11:17 ,63 ,CBN_CH8679G_Nelson-24G ,Disconnected ,Played ,10.118.252.82 ,119877810 ,48.723590561081295 ,958.1753992017937 ,114.22340860388202
  ,2021-05-11, 19:12:26 ,    ,CBN_CH8679G_Nelson-5G ,Scanning ,Played ,10.118.252.82 ,114637250 ,57.46853787792736 ,913.6688315975645 ,108.91781229943805
  ,2021-05-11, 19:13:39 ,64 ,CBN_CH8679G_Nelson-24G ,Scanning ,Played ,10.118.252.82 ,117912600 ,46.459728802483255 ,939.109593905184 ,111.95058749975968
  ,2021-05-11, 19:15:11 ,    ,CBN_CH8679G_Nelson-5G ,Successed ,Played ,10.118.252.82 ,117912600 ,60.279425930737865 ,942.364121108603 ,112.33855737550294
  ,2021-05-11, 19:16:31 ,65 ,CBN_CH8679G_Nelson-24G ,Scanning ,Played ,10.118.252.82 ,113327110 ,38.52612541785365 ,902.3794034768675 ,107.57200759373517
  ,2021-05-11, 19:17:54 ,    ,CBN_CH8679G_Nelson-5G ,Successed ,Played ,10.118.252.82 ,110706830 ,90.86852431201882 ,882.4855807669278 ,105.20047912203405
  ,2021-05-11, 19:19:12 ,66 ,CBN_CH8679G_Nelson-24G ,Scanning ,Played ,10.118.252.82 ,98260500 ,87.9563077723774 ,780.8034408409844 ,93.07902346145922
  ,2021-05-11, 19:20:45 ,    ,CBN_CH8679G_Nelson-5G ,Successed ,Played ,10.118.252.82 ,118567670 ,52.23354176470496 ,948.1685853996554 ,113.03050343986217
  ,2021-05-11, 19:22:04 ,67 ,CBN_CH8679G_Nelson-24G ,Scanning ,Played ,10.118.252.82 ,102845990 ,82.02056006671489 ,818.0371448853826 ,97.51762686793597
  ,2021-05-11, 19:23:32 ,    ,CBN_CH8679G_Nelson-5G ,Successed ,Played ,10.118.252.82 ,113982180 ,85.70127436491937 ,908.1294857350289 ,108.25747081458913
  ,2021-05-11, 19:24:52 ,68 ,CBN_CH8679G_Nelson-24G ,Scanning ,Played ,10.118.252.82 ,113982180 ,45.654414175121246 ,911.0593976485251 ,108.60674353224339
  ,2021-05-11, 19:26:15 ,    ,CBN_CH8679G_Nelson-5G ,Successed ,Played ,10.118.252.82 ,113982180 ,60.38556268189671 ,907.1935400290758 ,108.14589739192436
  ,2021-05-11, 19:27:34 ,69 ,CBN_CH8679G_Nelson-24G ,Scanning ,Played ,10.118.252.82 ,113327110 ,45.14307524781374 ,903.1972964249353 ,107.66950803100292
  ,2021-05-11, 19:29:01 ,    ,CBN_CH8679G_Nelson-5G ,Successed ,Played ,10.118.252.82 ,119222740 ,52.238623415582495 ,950.9528476121842 ,113.36241336014083
  ,2021-05-11, 19:30:14 ,70 ,CBN_CH8679G_Nelson-24G ,Scanning ,Played ,10.118.252.82 ,113982180 ,57.630518483328544 ,909.2767899309212 ,108.39424013268008
  ,2021-05-11, 19:31:42 ,    ,CBN_CH8679G_Nelson-5G ,Successed ,Played ,10.118.252.82 ,117257530 ,47.14295777217837 ,935.992680713213 ,111.57902249255335
  ,2021-05-11, 19:33:02 ,71 ,CBN_CH8679G_Nelson-24G ,Scanning ,Played ,10.118.252.82 ,116602460 ,68.9164315370823 ,931.1202977236856 ,110.99818917795247
  ,2021-05-11, 19:34:35 ,    ,CBN_CH8679G_Nelson-5G ,Successed ,Played ,10.118.252.82 ,113327110 ,47.26879161946953 ,906.506222502136 ,108.06396275784206
  ,2021-05-11, 19:35:52 ,72 ,CBN_CH8679G_Nelson-24G ,Scanning ,Played ,10.118.252.82 ,115292320 ,43.15566863887908 ,918.6345016646594 ,109.50976630028002
  ,2021-05-11, 19:37:22 ,    ,CBN_CH8679G_Nelson-5G ,Successed ,Played ,10.118.252.82 ,119222740 ,43.05795612386256 ,949.8940684107002 ,113.23619704374077
  ,2021-05-11, 19:38:41 ,73 ,CBN_CH8679G_Nelson-24G ,Scanning ,Played ,10.118.252.82 ,114637250 ,60.32250037721665 ,915.0729424334367 ,109.08519535463293
  ,2021-05-11, 19:40:10 ,    ,CBN_CH8679G_Nelson-5G ,Successed ,Played ,10.118.252.82 ,110706830 ,48.89983442168518 ,885.619378264997 ,105.57405689537488
  ,2021-05-11, 19:41:22 ,74 ,CBN_CH8679G_Nelson-24G ,Connecting ,Played ,10.118.252.82 ,113327110 ,49.90502281959978 ,906.2860685063927 ,108.03771835641773
  ,2021-05-11, 19:42:45 ,    ,CBN_CH8679G_Nelson-5G ,Successed ,Played ,10.118.252.82 ,115292320 ,40.65245842945088 ,919.4862546688898 ,109.61130317078707
  ,2021-05-11, 19:44:00 ,75 ,CBN_CH8679G_Nelson-24G ,Scanning ,Played ,10.118.252.82 ,108741620 ,57.76763128467359 ,865.8807090335418 ,103.22102415961525
  ,2021-05-11, 19:45:28 ,    ,CBN_CH8679G_Nelson-5G ,Successed ,Played ,10.118.252.82 ,115292320 ,44.62050695146932 ,919.0749191561529 ,109.5622681565467
  ,2021-05-11, 19:46:47 ,76 ,CBN_CH8679G_Nelson-24G ,Scanning ,Played ,10.118.252.82 ,117912600 ,45.22545179649888 ,939.5051963546207 ,111.99774698670157
  ,2021-05-11, 19:48:23 ,    ,CBN_CH8679G_Nelson-5G ,Successed ,Played ,10.118.252.82 ,108741620 ,42.087484611009934 ,869.8417099732046 ,103.69321226754244
  ,2021-05-11, 19:49:39 ,77 ,CBN_CH8679G_Nelson-24G ,Scanning ,Played ,10.118.252.82 ,110051760 ,62.401738872399505 ,880.2680089154518 ,104.93612395709178
  ,2021-05-11, 19:50:52 ,    ,CBN_CH8679G_Nelson-5G ,Scanning ,Played ,10.118.252.82 ,114637250 ,49.56840732308419 ,914.3175338857858 ,108.99514363834689
  ,2021-05-11, 19:51:59 ,78 ,CBN_CH8679G_Nelson-24G ,Scanning ,Played ,10.118.252.82 ,117912600 ,37.44380640849882 ,941.4637992168449 ,112.23123064241945
  ,2021-05-11, 19:53:26 ,    ,CBN_CH8679G_Nelson-5G ,Successed ,Played ,10.118.252.82 ,115947390 ,59.06986106954899 ,926.5062266801583 ,110.44814904691675
  ,2021-05-11, 19:54:35 ,79 ,CBN_CH8679G_Nelson-24G ,Scanning ,Played ,10.118.252.82 ,113982180 ,41.10812499543252 ,908.3197110229704 ,108.28014743601923
  ,2021-05-11, 19:55:44 ,    ,CBN_CH8679G_Nelson-5G ,Connecting ,Played ,10.118.252.82 ,116602460 ,47.12540953700667 ,932.7107159738285 ,111.18778180764062
  ,2021-05-11, 19:56:53 ,80 ,CBN_CH8679G_Nelson-24G ,Scanning ,Played ,10.118.252.82 ,115292320 ,57.988460824686086 ,921.8802907838716 ,109.89669451521296
  ,2021-05-11, 19:58:17 ,    ,CBN_CH8679G_Nelson-5G ,Successed ,Played ,10.118.252.82 ,115292320 ,61.603457918363624 ,918.1855709779779 ,109.45624959206319
  ,2021-05-11, 19:59:29 ,81 ,CBN_CH8679G_Nelson-24G ,Scanning ,Played ,10.118.252.82 ,117257530 ,45.89708352420217 ,936.4990747790587 ,111.63938936937555
  ,2021-05-11, 20:00:50 ,    ,CBN_CH8679G_Nelson-5G ,Successed ,Played ,10.118.252.82 ,113982180 ,45.40521539642748 ,910.571790189804 ,108.54861619350959
  ,2021-05-11, 20:02:03 ,82 ,CBN_CH8679G_Nelson-24G ,Scanning ,Played ,10.118.252.82 ,119222740 ,47.296710040948774 ,950.2706593287951 ,113.28109017953814
  ,2021-05-11, 20:03:24 ,    ,CBN_CH8679G_Nelson-5G ,Successed ,Played ,10.118.252.82 ,118567670 ,45.59678268073691 ,944.3504052092729 ,112.57534089198982
  ,2021-05-11, 20:04:32 ,83 ,CBN_CH8679G_Nelson-24G ,Scanning ,Played ,10.118.252.82 ,114637250 ,47.21975869305254 ,916.9915282530168 ,109.31390860712727
  ,2021-05-11, 20:05:54 ,    ,CBN_CH8679G_Nelson-5G ,Successed ,Played ,10.118.252.82 ,117257530 ,40.05093158499092 ,937.962738303914 ,111.81387165831494
  ,2021-05-11, 20:07:16 ,84 ,CBN_CH8679G_Nelson-24G ,Successed ,Played ,10.118.252.82 ,112016970 ,59.408318998507156 ,893.1679061895552 ,106.4739115464157
  ,2021-05-11, 20:08:34 ,    ,CBN_CH8679G_Nelson-5G ,Successed ,Played ,10.118.252.82 ,117912600 ,44.35010595591637 ,940.7664771599221 ,112.14810337542559
  ,2021-05-11, 20:09:45 ,85 ,CBN_CH8679G_Nelson-24G ,Scanning ,Played ,10.118.252.82 ,113327110 ,48.838653061605534 ,905.5891518327703 ,107.95463941487913
  ,2021-05-11, 20:10:55 ,    ,CBN_CH8679G_Nelson-5G ,Scanning ,Played ,10.118.252.82 ,117257530 ,48.507170657900645 ,935.7843115593774 ,111.55418295376032
  ,2021-05-11, 20:11:59 ,86 ,CBN_CH8679G_Nelson-24G ,Scanning ,Played ,10.118.252.82 ,117257530 ,59.920954920036195 ,937.5164126017332 ,111.76066548844972
  ,2021-05-11, 20:13:18 ,    ,CBN_CH8679G_Nelson-5G ,Connecting ,Played ,10.118.252.82 ,117257530 ,50.26298959068455 ,933.093445920785 ,111.23340677270711
  ,2021-05-11, 20:14:27 ,87 ,CBN_CH8679G_Nelson-24G ,Scanning ,Played ,10.118.252.82 ,117257530 ,45.61595825879215 ,937.9495458239977 ,111.81229899215671
  ,2021-05-11, 20:15:47 ,    ,CBN_CH8679G_Nelson-5G ,Successed ,Played ,10.118.252.82 ,118567670 ,63.65470461022653 ,945.5893691097062 ,112.72303689833954
  ,2021-05-11, 20:16:58 ,88 ,CBN_CH8679G_Nelson-24G ,Scanning ,Played ,10.118.252.82 ,116602460 ,47.8215860684022 ,931.9744311253355 ,111.10000981394475
  ,2021-05-11, 20:18:19 ,    ,CBN_CH8679G_Nelson-5G ,Successed ,Played ,10.118.252.82 ,119222740 ,42.647102407652326 ,949.224659256988 ,113.15639725410796
  ,2021-05-11, 20:19:29 ,89 ,CBN_CH8679G_Nelson-24G ,Scanning ,Played ,10.118.252.82 ,113982180 ,51.224847571387585 ,907.6594406444308 ,108.2014370732821
  ,2021-05-11, 20:20:47 ,    ,CBN_CH8679G_Nelson-5G ,Successed ,Played ,10.118.252.82 ,117257530 ,51.601249285346405 ,937.958042632932 ,111.81331189071321
  ,2021-05-11, 20:21:59 ,90 ,CBN_CH8679G_Nelson-24G ,Scanning ,Played ,10.118.252.82 ,113327110 ,33.74370718164896 ,902.8368208030219 ,107.62653598821424
  ,2021-05-11, 20:23:20 ,    ,CBN_CH8679G_Nelson-5G ,Successed ,Played ,10.118.252.82 ,116602460 ,62.54344065053462 ,932.5808818901944 ,111.17230437877112
  ,2021-05-11, 20:24:30 ,91 ,CBN_CH8679G_Nelson-24G ,Connecting ,Played ,10.118.252.82 ,116602460 ,59.22723532638508 ,931.9111657967037 ,111.09246799906536
  ,2021-05-11, 20:30:12 ,    ,CBN_CH8679G_Nelson-5G ,Scanning ,IGNORE ,10.118.252.82 ,118567670 ,54.48079949764576 ,946.2807386903198 ,112.8054545748615
  ,2021-05-11, 20:31:31 ,92 ,CBN_CH8679G_Nelson-24G ,Scanning ,Played ,10.118.252.82 ,112016970 ,43.46265726162877 ,894.6963290887711 ,106.65611375436438
  ,2021-05-11, 20:32:55 ,    ,CBN_CH8679G_Nelson-5G ,Successed ,Played ,10.118.252.82 ,114637250 ,53.020881559692256 ,916.8971017254626 ,109.3026520878628
  ,2021-05-11, 20:34:18 ,93 ,CBN_CH8679G_Nelson-24G ,Successed ,Played ,10.118.252.82 ,106776410 ,46.42373149095021 ,851.9554070944617 ,101.5609988086774
  ,2021-05-11, 20:35:39 ,    ,CBN_CH8679G_Nelson-5G ,Successed ,Played ,10.118.252.82 ,112016970 ,40.304851265678785 ,892.2517467306214 ,106.36469682820099
  ,2021-05-11, 20:36:54 ,94 ,CBN_CH8679G_Nelson-24G ,Disconnected ,Played ,10.118.252.82 ,116602460 ,44.32249370878289 ,930.3579812590377 ,110.90731397378894
  ,2021-05-11, 20:38:09 ,    ,CBN_CH8679G_Nelson-5G ,Scanning ,Played ,10.118.252.82 ,103501060 ,82.41851261270125 ,826.053981776897 ,98.47330829821789
  ,2021-05-11, 20:39:30 ,95 ,CBN_CH8679G_Nelson-24G ,Scanning ,Played ,10.118.252.82 ,103501060 ,72.84942603847144 ,825.6034984954126 ,98.41960650627763
  ,2021-05-11, 20:41:02 ,    ,CBN_CH8679G_Nelson-5G ,Successed ,Played ,10.118.252.82 ,108741620 ,44.692707186033395 ,869.2602336743672 ,103.62389489106741
  ,2021-05-11, 20:42:18 ,96 ,CBN_CH8679G_Nelson-24G ,Disconnected ,Played ,10.118.252.82 ,99570640 ,83.34991093651057 ,793.7955534333079 ,94.62780397335385
  ,2021-05-11, 20:43:49 ,    ,CBN_CH8679G_Nelson-5G ,Successed ,Played ,10.118.252.82 ,116602460 ,41.39037413336718 ,923.6313809708857 ,110.10544073234627
  ,2021-05-11, 20:45:09 ,97 ,CBN_CH8679G_Nelson-24G ,Scanning ,Played ,10.118.252.82 ,110706830 ,44.37045299415652 ,880.9011847154843 ,105.0116043943744
  ,2021-05-11, 20:46:31 ,    ,CBN_CH8679G_Nelson-5G ,Successed ,Played ,10.118.252.82 ,115292320 ,43.714398891235234 ,922.0314582860505 ,109.91471508575087
  ,2021-05-11, 20:47:45 ,98 ,CBN_CH8679G_Nelson-24G ,Scanning ,Played ,10.118.252.82 ,114637250 ,49.8917490814509 ,913.5716164877565 ,108.90622335526425
  ,2021-05-11, 20:49:18 ,    ,CBN_CH8679G_Nelson-5G ,Successed ,Played ,10.118.252.82 ,109396690 ,50.59266327593694 ,875.0781738530704 ,104.31744740641957
  ,2021-05-11, 20:50:36 ,99 ,CBN_CH8679G_Nelson-24G ,Scanning ,Played ,10.118.252.82 ,115292320 ,45.9991291127557 ,920.2257484447282 ,109.699457698432
  ,2021-05-11, 20:51:51 ,    ,CBN_CH8679G_Nelson-5G ,Scanning ,Played ,10.118.252.82 ,114637250 ,44.48095887879427 ,916.0426834929852 ,109.20079749738994
  ,2021-05-11, 20:53:10 ,100 ,CBN_CH8679G_Nelson-24G ,Connecting ,Played ,10.118.252.82 ,112672040 ,46.87736911575985 ,897.7278792979163 ,107.0175027010341
  ,2021-05-11, 20:54:38 ,    ,CBN_CH8679G_Nelson-5G ,Successed ,Played ,10.118.252.82 ,117257530 ,42.49266650102168 ,933.6450024246851 ,111.29915743168415
  ,2021-05-11, 20:55:52 ,101 ,CBN_CH8679G_Nelson-24G ,Scanning ,Played ,10.118.252.82 ,113327110 ,45.07885019349769 ,905.9112534967294 ,107.9930369254028
  ,2021-05-11, 20:57:19 ,    ,CBN_CH8679G_Nelson-5G ,Successed ,Played ,10.118.252.82 ,113982180 ,50.09940841142754 ,910.0546036529558 ,108.48696275388669
  ,2021-05-11, 20:58:38 ,102 ,CBN_CH8679G_Nelson-24G ,Scanning ,Played ,10.118.252.82 ,113327110 ,46.69714371014466 ,906.0053599065839 ,108.00425528366374
  ,2021-05-11, 20:59:51 ,    ,CBN_CH8679G_Nelson-5G ,Scanning ,Played ,10.118.252.82 ,95640220 ,84.67937309251352 ,763.3507471881276 ,90.99850025035472
  ,2021-05-11, 21:01:10 ,103 ,CBN_CH8679G_Nelson-24G ,Scanning ,Played ,10.118.252.82 ,112672040 ,58.568839962669536 ,897.0462574844954 ,106.93624704891388
  ,2021-05-11, 21:02:28 ,    ,CBN_CH8679G_Nelson-5G ,Successed ,Played ,10.118.252.82 ,119222740 ,45.50127818319635 ,950.3993417762861 ,113.29643032268119
  ,2021-05-11, 21:03:34 ,104 ,CBN_CH8679G_Nelson-24G ,Disconnected ,Played ,10.118.252.82 ,119222740 ,54.819511385802166 ,950.9187149364348 ,113.35834442811426
  ,2021-05-11, 21:04:46 ,    ,CBN_CH8679G_Nelson-5G ,Scanning ,Played ,10.118.252.82 ,115292320 ,50.47522698916978 ,919.2773734301427 ,109.58640258671554
  ,2021-05-11, 21:06:00 ,105 ,CBN_CH8679G_Nelson-24G ,Scanning ,Played ,10.118.252.82 ,113982180 ,52.98396798288796 ,910.6446378409339 ,108.55730031024622
  ,2021-05-11, 21:07:23 ,    ,CBN_CH8679G_Nelson-5G ,Successed ,Played ,10.118.252.82 ,117912600 ,46.92423422022457 ,941.0470726010615 ,112.181552958615
  ,2021-05-11, 21:08:32 ,106 ,CBN_CH8679G_Nelson-24G ,Scanning ,Played ,10.118.252.82 ,117912600 ,54.6048654731006 ,943.10000666076 ,112.42628176936626
  ,2021-05-11, 21:09:53 ,    ,CBN_CH8679G_Nelson-5G ,Successed ,Played ,10.118.252.82 ,117257530 ,43.578533183172446 ,936.0646074183999 ,111.58759682397842
  ,2021-05-11, 21:11:03 ,107 ,CBN_CH8679G_Nelson-24G ,Scanning ,Played ,10.118.252.82 ,117912600 ,58.31289734427936 ,941.5081583239615 ,112.23651866006392
  ,2021-05-11, 21:12:21 ,    ,CBN_CH8679G_Nelson-5G ,Successed ,Played ,10.118.252.82 ,106121340 ,59.743203044696116 ,844.7058086085265 ,100.69677932364064
  ,2021-05-11, 21:13:29 ,108 ,CBN_CH8679G_Nelson-24G ,Scanning ,Played ,10.118.252.82 ,117257530 ,50.62634639678988 ,936.3729263057568 ,111.62435129949532
  ,2021-05-11, 21:14:49 ,    ,CBN_CH8679G_Nelson-5G ,Successed ,Played ,10.118.252.82 ,117257530 ,42.0496433551481 ,934.1053899189898 ,111.35403989779827
  ,2021-05-11, 21:15:58 ,109 ,CBN_CH8679G_Nelson-24G ,Scanning ,Played ,10.118.252.82 ,112672040 ,45.11380368642339 ,897.7029392563873 ,107.01452961640207
  ,2021-05-11, 21:17:17 ,    ,CBN_CH8679G_Nelson-5G ,Successed ,Played ,10.118.252.82 ,115947390 ,56.673187970414396 ,925.8866406580341 ,110.37428863740374
  ,2021-05-11, 21:18:20 ,110 ,CBN_CH8679G_Nelson-24G ,Connecting ,IGNORE ,10.118.252.82 ,111361900 ,47.0998393893293 ,888.5813273628576 ,105.92714874301643
  ,2021-05-11, 21:19:36 ,    ,CBN_CH8679G_Nelson-5G ,Successed ,Played ,10.118.252.82 ,108086550 ,88.9538877921176 ,859.4830072117479 ,102.45835867068146
  ,2021-05-11, 21:25:18 ,111 ,CBN_CH8679G_Nelson-24G ,Scanning ,IGNORE ,10.118.252.82 ,115292320 ,52.98424833892844 ,921.9218129646441 ,109.90164434488347
  ,2021-05-11, 21:26:35 ,    ,CBN_CH8679G_Nelson-5G ,Successed ,Played ,10.118.252.82 ,110706830 ,51.53671959806808 ,884.443836846206 ,105.4339214380033
  ,2021-05-11, 21:27:46 ,112 ,CBN_CH8679G_Nelson-24G ,Scanning ,Played ,10.118.252.82 ,113982180 ,48.699367559902356 ,907.544858799227 ,108.18777785291992
  ,2021-05-11, 21:29:10 ,    ,CBN_CH8679G_Nelson-5G ,Successed ,Played ,10.118.252.82 ,117912600 ,44.63350515173748 ,939.7138357479275 ,112.02261874054999
  ,2021-05-11, 21:30:00 ,113 ,CBN_CH8679G_Nelson-24G ,Scanning ,Played ,10.118.252.82 ,112672040 ,37.61372887727544 ,896.9934750090704 ,106.92995488751774
  ,2021-05-11, 21:31:20 ,    ,CBN_CH8679G_Nelson-5G ,Successed ,Played ,10.118.252.82 ,119877810 ,52.522761480344705 ,957.1521294357929 ,114.10142534205829
  ,2021-05-11, 21:32:28 ,114 ,CBN_CH8679G_Nelson-24G ,Scanning ,Played ,10.118.252.82 ,115947390 ,53.0110326793545 ,924.9227509200329 ,110.25938402653132
  ,2021-05-11, 21:33:46 ,    ,CBN_CH8679G_Nelson-5G ,Successed ,Played ,10.118.252.82 ,117257530 ,39.03023535592835 ,933.9284516629938 ,111.33294721400664
  ,2021-05-11, 21:34:57 ,115 ,CBN_CH8679G_Nelson-24G ,Scanning ,Played ,10.118.252.82 ,115947390 ,76.62532947463558 ,925.1046334385711 ,110.28106611234797
  ,2021-05-11, 21:36:23 ,    ,CBN_CH8679G_Nelson-5G ,Successed ,Played ,10.118.252.82 ,113327110 ,49.38477723481634 ,905.5710363748836 ,107.95247988401456
  ,2021-05-11, 21:37:50 ,116 ,CBN_CH8679G_Nelson-24G ,Successed ,Played ,10.118.252.82 ,109396690 ,43.053106830925266 ,875.0965321087198 ,104.31963588103292
  ,2021-05-11, 21:39:12 ,    ,CBN_CH8679G_Nelson-5G ,Successed ,Played ,10.118.252.82 ,109396690 ,48.90335467564829 ,874.4338284508553 ,104.2406354487962
  ,2021-05-11, 21:40:29 ,117 ,CBN_CH8679G_Nelson-24G ,Scanning ,Played ,10.118.252.82 ,112016970 ,45.21224520710236 ,895.9565389573228 ,106.80634247747932
  ,2021-05-11, 21:42:01 ,    ,CBN_CH8679G_Nelson-5G ,Successed ,Played ,10.118.252.82 ,114637250 ,55.133616862176936 ,915.8029990683855 ,109.17222488741702
  ,2021-05-11, 21:43:21 ,118 ,CBN_CH8679G_Nelson-24G ,Scanning ,Played ,10.118.252.82 ,104811200 ,74.91624857143658 ,836.3585756160714 ,99.70171160889524
  ,2021-05-11, 21:44:42 ,    ,CBN_CH8679G_Nelson-5G ,Successed ,Played ,10.118.252.82 ,115947390 ,40.958087291664086 ,923.3786460793699 ,110.07531238548397
  ,2021-05-11, 21:46:09 ,119 ,CBN_CH8679G_Nelson-24G ,Successed ,Played ,10.118.252.82 ,117912600 ,41.57949172576832 ,942.095077578249 ,112.3064848873912
  ,2021-05-11, 21:47:28 ,    ,CBN_CH8679G_Nelson-5G ,Scanning ,Played ,10.118.252.82 ,115292320 ,57.783672097729585 ,918.5221733207178 ,109.49637571820233
  ,2021-05-11, 21:48:44 ,120 ,CBN_CH8679G_Nelson-24G ,Connecting ,Played ,10.118.252.82 ,117257530 ,59.10793798868802 ,933.4777616881848 ,111.279220782302
  ,2021-05-11, 21:50:13 ,    ,CBN_CH8679G_Nelson-5G ,Successed ,Played ,10.118.252.82 ,113327110 ,38.99654740704166 ,903.5232802448093 ,107.70836833057514
  ,2021-05-11, 21:51:37 ,121 ,CBN_CH8679G_Nelson-24G ,Successed ,Played ,10.118.252.82 ,117912600 ,59.75743821400267 ,943.2045524346252 ,112.43874459679427
  ,2021-05-11, 21:53:00 ,    ,CBN_CH8679G_Nelson-5G ,Successed ,Played ,10.118.252.82 ,113327110 ,58.410520811587816 ,904.4869396088133 ,107.82324547872702
  ,2021-05-11, 21:54:12 ,122 ,CBN_CH8679G_Nelson-24G ,Scanning ,Played ,10.118.252.82 ,106776410 ,87.5782248288064 ,853.4287218296439 ,101.73663161154317
  ,2021-05-11, 21:55:39 ,    ,CBN_CH8679G_Nelson-5G ,Successed ,Played ,10.118.252.82 ,119222740 ,58.397984958101624 ,950.2279986307999 ,113.2760046280384
  ,2021-05-11, 21:56:58 ,123 ,CBN_CH8679G_Nelson-24G ,Scanning ,Played ,10.118.252.82 ,113327110 ,44.26398951970556 ,903.7339320755837 ,107.73347998566432
  ,2021-05-11, 21:58:30 ,    ,CBN_CH8679G_Nelson-5G ,Successed ,Played ,10.118.252.82 ,113982180 ,50.16886143134239 ,911.7235389522947 ,108.68591534522709
  ,2021-05-11, 22:00:00 ,124 ,CBN_CH8679G_Nelson-24G ,Successed ,Played ,10.118.252.82 ,117912600 ,40.51620792617726 ,939.7399500886063 ,112.0257318125494
  ,2021-05-11, 22:01:16 ,    ,CBN_CH8679G_Nelson-5G ,Connecting ,Played ,10.118.252.82 ,114637250 ,53.19968917674289 ,912.8932061060042 ,108.82535053563169
  ,2021-05-11, 22:02:32 ,125 ,CBN_CH8679G_Nelson-24G ,Scanning ,Played ,10.118.252.82 ,120532880 ,47.4118523400355 ,959.8390382377975 ,114.421729831433
  ,2021-05-11, 22:03:56 ,    ,CBN_CH8679G_Nelson-5G ,Successed ,Played ,10.118.252.82 ,117912600 ,40.55768161250371 ,941.0571449265324 ,112.18275367337851
  ,2021-05-11, 22:05:22 ,126 ,CBN_CH8679G_Nelson-24G ,Successed ,Played ,10.118.252.82 ,119222740 ,54.14096738879716 ,953.4825290901348 ,113.66397489191708
  ,2021-05-11, 22:06:14 ,    ,CBN_CH8679G_Nelson-5G ,Connecting ,Played ,10.118.252.82 ,111361900 ,49.67374316676535 ,890.8087591590457 ,106.19267930496285
  ,2021-05-11, 22:07:28 ,127 ,CBN_CH8679G_Nelson-24G ,Scanning ,Played ,10.118.252.82 ,109396690 ,39.20088534636618 ,867.0510354861634 ,103.36053794457477
  ,2021-05-11, 22:08:52 ,    ,CBN_CH8679G_Nelson-5G ,Successed ,Played ,10.118.252.82 ,117912600 ,51.87184568595791 ,943.1442952665554 ,112.43156138259833
  ,2021-05-11, 22:10:09 ,128 ,CBN_CH8679G_Nelson-24G ,Scanning ,Played ,10.118.252.82 ,114637250 ,49.68319820010257 ,913.8209887267496 ,108.93595084270831
  ,2021-05-11, 22:11:27 ,    ,CBN_CH8679G_Nelson-5G ,Scanning ,Played ,10.118.252.82 ,106776410 ,55.059284500608165 ,850.849511728467 ,101.42916580777967
  ,2021-05-11, 22:12:46 ,129 ,CBN_CH8679G_Nelson-24G ,Connecting ,Played ,10.118.252.82 ,113982180 ,42.71019591388826 ,909.1453745592296 ,108.37857419958468
  ,2021-05-11, 22:14:12 ,    ,CBN_CH8679G_Nelson-5G ,Successed ,Played ,10.118.252.82 ,118567670 ,61.84886182493832 ,947.3657088039197 ,112.93479309128757
  ,2021-05-11, 22:15:25 ,130 ,CBN_CH8679G_Nelson-24G ,Scanning ,Played ,10.118.252.82 ,114637250 ,44.6549494377165 ,912.4808854959298 ,108.77619808863756
  ,2021-05-11, 22:16:45 ,    ,CBN_CH8679G_Nelson-5G ,Successed ,Played ,10.118.252.82 ,119877810 ,44.38155938521304 ,954.8697578195414 ,113.82934544319407
  ,2021-05-11, 22:17:56 ,131 ,CBN_CH8679G_Nelson-24G ,Scanning ,Played ,10.118.252.82 ,116602460 ,48.96240071363328 ,928.2749151516155 ,110.65899314303583
  ,2021-05-11, 22:19:12 ,    ,CBN_CH8679G_Nelson-5G ,Successed ,Played ,10.118.252.82 ,113982180 ,67.49673314896278 ,910.2408704228354 ,108.50916748319095
  ,2021-05-11, 22:20:23 ,132 ,CBN_CH8679G_Nelson-24G ,Scanning ,Played ,10.118.252.82 ,100880780 ,76.16246683639766 ,806.1861013920857 ,96.10487239266463
  ,2021-05-11, 22:21:48 ,    ,CBN_CH8679G_Nelson-5G ,Successed ,Played ,10.118.252.82 ,118567670 ,57.26508826256009 ,944.4905234306921 ,112.59204428561831
  ,2021-05-11, 22:22:58 ,133 ,CBN_CH8679G_Nelson-24G ,Scanning ,Played ,10.118.252.82 ,110706830 ,78.26649804323796 ,884.7652980503987 ,105.47224259977325
  ,2021-05-11, 22:24:23 ,    ,CBN_CH8679G_Nelson-5G ,Successed ,Played ,10.118.252.82 ,118567670 ,42.495783526042494 ,945.2773020857173 ,112.68583561011759
  ,2021-05-11, 22:25:41 ,134 ,CBN_CH8679G_Nelson-24G ,Successed ,Played ,10.118.252.82 ,119877810 ,47.47571264821392 ,955.3870788040655 ,113.8910149102289
  ,2021-05-11, 22:26:58 ,    ,CBN_CH8679G_Nelson-5G ,Successed ,Played ,10.118.252.82 ,112672040 ,88.30641904968769 ,899.699319648806 ,107.2525167046554
  ,2021-05-11, 22:28:10 ,135 ,CBN_CH8679G_Nelson-24G ,Scanning ,Played ,10.118.252.82 ,115947390 ,45.47131418894345 ,927.4594921463082 ,110.56178714588978
  ,2021-05-11, 22:29:20 ,    ,CBN_CH8679G_Nelson-5G ,Scanning ,Played ,10.118.252.82 ,117257530 ,45.4403224935795 ,935.7843115593774 ,111.55418295376032
  ,2021-05-11, 22:30:45 ,136 ,CBN_CH8679G_Nelson-24G ,Successed ,Played ,10.118.252.82 ,113982180 ,46.76845131505187 ,907.3876789064108 ,108.16904054956565
  ,2021-05-11, 22:32:04 ,    ,CBN_CH8679G_Nelson-5G ,Successed ,Played ,10.118.252.82 ,115947390 ,53.60070439013743 ,927.3750415251618 ,110.5517198473408
  ,2021-05-11, 22:33:16 ,137 ,CBN_CH8679G_Nelson-24G ,Scanning ,Played ,10.118.252.82 ,115947390 ,43.18194258253355 ,925.7229526759328 ,110.35477550934944
  ,2021-05-11, 22:34:32 ,    ,CBN_CH8679G_Nelson-5G ,Successed ,Played ,10.118.252.82 ,116602460 ,36.91307896837544 ,932.7256136341459 ,111.18955774714303
  ,2021-05-11, 22:35:49 ,138 ,CBN_CH8679G_Nelson-24G ,Successed ,Played ,10.118.252.82 ,117912600 ,44.36428738977375 ,941.3381377764571 ,112.21625063138688
  ,2021-05-11, 22:37:10 ,    ,CBN_CH8679G_Nelson-5G ,Successed ,Played ,10.118.252.82 ,117257530 ,43.57332986477259 ,935.3571778583857 ,111.5032646487219
  ,2021-05-11, 22:38:17 ,139 ,CBN_CH8679G_Nelson-24G ,Scanning ,Played ,10.118.252.82 ,113327110 ,41.01429011905443 ,902.1959241444064 ,107.55013515286521
  ,2021-05-11, 22:39:41 ,    ,CBN_CH8679G_Nelson-5G ,Successed ,Played ,10.118.252.82 ,118567670 ,51.6449260035998 ,947.9715786132231 ,113.0070184008149
  ,2021-05-11, 22:40:52 ,140 ,CBN_CH8679G_Nelson-24G ,Scanning ,Played ,10.118.252.82 ,113982180 ,52.08898358306856 ,910.0909846581598 ,108.49129970767018
  ,2021-05-11, 22:42:18 ,    ,CBN_CH8679G_Nelson-5G ,Successed ,Played ,10.118.252.82 ,119222740 ,33.75129762213106 ,953.6464092549716 ,113.68351092993873
  ,2021-05-11, 22:43:27 ,141 ,CBN_CH8679G_Nelson-24G ,Connecting ,Played ,10.118.252.82 ,115292320 ,74.71277455475544 ,921.4971012269357 ,109.85101476036735
  ,2021-05-11, 22:44:32 ,    ,CBN_CH8679G_Nelson-5G ,Scanning ,IGNORE ,10.118.252.82 ,113327110 ,61.25425308127797 ,903.9880903990086 ,107.76377801883324
  ,2021-05-11, 22:45:43 ,142 ,CBN_CH8679G_Nelson-24G ,Scanning ,Played ,10.118.252.82 ,117912600 ,55.66502371257931 ,938.6236866930283 ,111.892662846211
  ,2021-05-11, 22:47:08 ,    ,CBN_CH8679G_Nelson-5G ,Successed ,Played ,10.118.252.82 ,117912600 ,41.12889789734229 ,939.4463031796885 ,111.99072637315852
  ,2021-05-11, 22:48:20 ,143 ,CBN_CH8679G_Nelson-24G ,Scanning ,Played ,10.118.252.82 ,113982180 ,43.04972680274575 ,909.329539677886 ,108.40052839253974
  ,2021-05-11, 22:49:42 ,    ,CBN_CH8679G_Nelson-5G ,Successed ,Played ,10.118.252.82 ,115292320 ,51.83509525794099 ,920.5231057242605 ,109.7349054484678
  ,2021-05-11, 22:51:01 ,144 ,CBN_CH8679G_Nelson-24G ,Scanning ,Played ,10.118.252.82 ,115947390 ,51.30438155469278 ,925.4661915498255 ,110.32416719792192
  ,2021-05-11, 22:52:32 ,    ,CBN_CH8679G_Nelson-5G ,Successed ,Played ,10.118.252.82 ,113327110 ,41.72743815199122 ,906.0968949855065 ,108.01516711539108
  ,2021-05-11, 22:53:53 ,145 ,CBN_CH8679G_Nelson-24G ,Successed ,Played ,10.118.252.82 ,113982180 ,39.400335048885324 ,911.5929363770936 ,108.67034630502386
  ,2021-05-11, 22:55:05 ,    ,CBN_CH8679G_Nelson-5G ,Connecting ,Played ,10.118.252.82 ,112672040 ,41.16037589565506 ,897.1803699361354 ,106.95223449899382
  ,2021-05-11, 22:56:22 ,146 ,CBN_CH8679G_Nelson-24G ,Scanning ,Played ,10.118.252.82 ,113982180 ,45.28388342094108 ,911.7515766629994 ,108.68925770080082
  ,2021-05-11, 22:57:49 ,    ,CBN_CH8679G_Nelson-5G ,Successed ,Played ,10.118.252.82 ,114637250 ,37.59490884778838 ,916.0793342059287 ,109.20516660284146
  ,2021-05-11, 22:59:03 ,147 ,CBN_CH8679G_Nelson-24G ,Scanning ,Played ,10.118.252.82 ,115292320 ,57.031421412256634 ,922.267536913828 ,109.94285785124637
  ,2021-05-11, 23:00:27 ,    ,CBN_CH8679G_Nelson-5G ,Successed ,Played ,10.118.252.82 ,113327110 ,54.76917698492173 ,905.7889012346712 ,107.97845139916792
  ,2021-05-11, 23:01:44 ,148 ,CBN_CH8679G_Nelson-24G ,Scanning ,Played ,10.118.252.82 ,117912600 ,57.77121078610472 ,942.1136969934915 ,112.30870449465412
  ,2021-05-11, 23:03:03 ,    ,CBN_CH8679G_Nelson-5G ,Scanning ,Played ,10.118.252.82 ,117912600 ,45.910786580757176 ,941.2254965903122 ,112.2028227556124
  ,2021-05-11, 23:04:16 ,149 ,CBN_CH8679G_Nelson-24G ,Scanning ,Played ,10.118.252.82 ,104156130 ,54.274650621809464 ,830.829627132978 ,99.04260958826279
  ,2021-05-11, 23:05:43 ,    ,CBN_CH8679G_Nelson-5G ,Successed ,Played ,10.118.252.82 ,111361900 ,54.479179074701435 ,887.9560962810825 ,105.85261538995296
  ,2021-05-11, 23:06:58 ,150 ,CBN_CH8679G_Nelson-24G ,Scanning ,Played ,10.118.252.82 ,110051760 ,43.574056616428734 ,871.4494391558321 ,103.88486852119352
  ,2021-05-11, 23:08:17 ,    ,CBN_CH8679G_Nelson-5G ,Successed ,Played ,10.118.252.82 ,116602460 ,40.116812342380236 ,931.4217603495882 ,111.03412632341245
  ,2021-05-11, 23:09:35 ,151 ,CBN_CH8679G_Nelson-24G ,Scanning ,Played ,10.118.252.82 ,116602460 ,48.2438638602528 ,932.3462051595998 ,111.14432873244283
  ,2021-05-11, 23:15:18 ,    ,CBN_CH8679G_Nelson-5G ,Scanning ,IGNORE ,10.118.252.82 ,117257530 ,41.17815192770241 ,936.5271619270251 ,111.64273761833013
  ,2021-05-11, 23:16:31 ,152 ,CBN_CH8679G_Nelson-24G ,Connecting ,Played ,10.118.252.82 ,110051760 ,53.62692910442929 ,880.0231967412927 ,104.9069400717369
  ,2021-05-11, 23:17:55 ,    ,CBN_CH8679G_Nelson-5G ,Successed ,Played ,10.118.252.82 ,119222740 ,47.49503663512963 ,952.2279076946998 ,113.51441236671207
  ,2021-05-11, 23:19:13 ,153 ,CBN_CH8679G_Nelson-24G ,Scanning ,Played ,10.118.252.82 ,110706830 ,50.129921080497155 ,881.9056561758387 ,105.13134672353729
  ,2021-05-11, 23:20:45 ,    ,CBN_CH8679G_Nelson-5G ,Successed ,Played ,10.118.252.82 ,117257530 ,60.80366375930095 ,934.6674691807468 ,111.42104496726355
  ,2021-05-11, 23:22:03 ,154 ,CBN_CH8679G_Nelson-24G ,Scanning ,Played ,10.118.252.82 ,102845990 ,87.01656150321062 ,821.48974796116 ,97.92920922770024
  ,2021-05-11, 23:23:27 ,    ,CBN_CH8679G_Nelson-5G ,Successed ,Played ,10.118.252.82 ,109396690 ,34.74105051466928 ,875.0773394052062 ,104.3173479324825
  ,2021-05-11, 23:24:42 ,155 ,CBN_CH8679G_Nelson-24G ,Scanning ,Played ,10.118.252.82 ,112672040 ,36.209232612899804 ,896.6607479341859 ,106.89029072930644
  ,2021-05-11, 23:26:08 ,    ,CBN_CH8679G_Nelson-5G ,Successed ,Played ,10.118.252.82 ,119222740 ,62.40104904429492 ,949.2870524696428 ,113.16383510466133
  ,2021-05-11, 23:27:16 ,156 ,CBN_CH8679G_Nelson-24G ,Scanning ,Played ,10.118.252.82 ,111361900 ,40.31823636909145 ,888.5990772584613 ,105.92926469546094
  ,2021-05-11, 23:28:38 ,    ,CBN_CH8679G_Nelson-5G ,Successed ,Played ,10.118.252.82 ,112016970 ,41.994199922243986 ,894.9856353132014 ,106.69060174384134
  ,2021-05-11, 23:29:49 ,157 ,CBN_CH8679G_Nelson-24G ,Scanning ,Played ,10.118.252.82 ,113327110 ,38.26937153851837 ,904.3045377930853 ,107.80150148786132
  ,2021-05-11, 23:31:00 ,    ,CBN_CH8679G_Nelson-5G ,Scanning ,Played ,10.118.252.82 ,113982180 ,56.72814367992779 ,910.2289557309044 ,108.50774714123064
  ,2021-05-11, 23:36:42 ,158 ,CBN_CH8679G_Nelson-24G ,Connecting ,IGNORE ,10.118.252.82 ,118567670 ,76.70491613612333 ,947.6145995440745 ,112.9644631795972
  ,2021-05-11, 23:38:02 ,    ,CBN_CH8679G_Nelson-5G ,Successed ,Played ,10.118.252.82 ,113982180 ,40.74858272783208 ,909.2268562605473 ,108.38828757531014
  ,2021-05-11, 23:39:14 ,159 ,CBN_CH8679G_Nelson-24G ,Scanning ,Played ,10.118.252.82 ,113982180 ,48.614234986114326 ,897.6071930529477 ,107.00311577951284
  ,2021-05-11, 23:40:33 ,    ,CBN_CH8679G_Nelson-5G ,Successed ,Played ,10.118.252.82 ,116602460 ,51.50002047460126 ,932.7422906841188 ,111.19154580642208
  ,2021-05-11, 23:41:39 ,160 ,CBN_CH8679G_Nelson-24G ,Scanning ,IGNORE ,10.118.252.82 ,100225710 ,91.4673432851626 ,799.6380059050512 ,95.32427858174457
  ,2021-05-11, 23:42:59 ,    ,CBN_CH8679G_Nelson-5G ,Successed ,Played ,10.118.252.82 ,119877810 ,47.5752562455521 ,956.5307543116357 ,114.02735165496298
  ,2021-05-11, 23:44:09 ,161 ,CBN_CH8679G_Nelson-24G ,Scanning ,Played ,10.118.252.82 ,117257530 ,47.448547920171855 ,937.9665395958112 ,111.81432480762139
  ,2021-05-11, 23:45:33 ,    ,CBN_CH8679G_Nelson-5G ,Successed ,Played ,10.118.252.82 ,113982180 ,38.997875333937124 ,908.2888640952906 ,108.27647019568569
  ,2021-05-11, 23:46:45 ,162 ,CBN_CH8679G_Nelson-24G ,Scanning ,Played ,10.118.252.82 ,113982180 ,46.725232556083775 ,909.3866200684215 ,108.40733290534276
  ,2021-05-11, 23:48:10 ,    ,CBN_CH8679G_Nelson-5G ,Successed ,Played ,10.118.252.82 ,119222740 ,61.501061874688325 ,949.6631621363775 ,113.20867087082596
  ,2021-05-11, 23:49:23 ,163 ,CBN_CH8679G_Nelson-24G ,Scanning ,Played ,10.118.252.82 ,116602460 ,59.655169500183206 ,931.5592566302641 ,111.0505171573477
  ,2021-05-11, 23:50:46 ,    ,CBN_CH8679G_Nelson-5G ,Successed ,Played ,10.118.252.82 ,118567670 ,46.98445645832812 ,946.1466140648193 ,112.78946567354433
  ,2021-05-11, 23:51:59 ,164 ,CBN_CH8679G_Nelson-24G ,Disconnected ,Played ,10.118.252.82 ,119222740 ,51.40996980036867 ,953.440488474367 ,113.65896325997913
  ,2021-05-11, 23:53:19 ,    ,CBN_CH8679G_Nelson-5G ,Successed ,Played ,10.118.252.82 ,117257530 ,64.15880732724877 ,933.8754719205411 ,111.32663153654828
  ,2021-05-11, 23:54:42 ,165 ,CBN_CH8679G_Nelson-24G ,Successed ,Played ,10.118.252.82 ,118567670 ,44.303754176422615 ,944.0494597779871 ,112.53946540093268
  ,2021-05-11, 23:56:03 ,    ,CBN_CH8679G_Nelson-5G ,Successed ,Played ,10.118.252.82 ,118567670 ,49.76055801684824 ,946.2843398755372 ,112.8058838695928
  ,2021-05-11, 23:57:15 ,166 ,CBN_CH8679G_Nelson-24G ,Scanning ,Played ,10.118.252.82 ,115947390 ,59.94211169656939 ,927.1063167860209 ,110.51968536210309
  ,2021-05-11, 23:58:43 ,    ,CBN_CH8679G_Nelson-5G ,Successed ,Played ,10.118.252.82 ,113327110 ,42.691822801256095 ,906.1502270129137 ,108.02152478848859
